concept,is it present in the national segment?
illicit trafficking in nuclear or radioactive materials,No
illicit trafficking in narcotic drugs and psychotropic substances,No
laundering of the proceeds of crime,No
"fraud, including that affecting the financial interests of the european communities within the meaning of the convention of 26 july 1995 on the protection of the european communities' financial interests",No
unlawful seizure of aircraft or ships,No
forgery of administrative documents and trafficking therein,No
sexual exploitation of children and child pornography,No
"counterfeiting currency, including of the euro",No
trafficking in stolen vehicles,No
"environmental crime, including illicit trafficking in endangered animal species and in endangered plant species and varieties",No
illicit trafficking in hormonal substances and other growth promoters,No
rape,No
sabotage,No
murder and grievous bodily injury,No
corruption,No
forgery of means of payment,No
terrorism,No
crimes within the jurisdiction of the international criminal court,No
"kidnapping, illegal restraint and hostage-taking",No
other offences,No
"illicit trafficking in cultural goods, including antiques and works of art",No
counterfeiting and piracy of products,No
racism and xenophobia,No
"illicit trafficking in weapons, munitions and explosives",No
computer-related crime,No
swindling,No
racketeering and extortion,No
facilitation of unauthorised entry and residence,No
organised or armed robbery,No