european concept,corresponding national concept,nature of concept,type of concept match,corresponding national definition,notes,Is the “nature of concept” field correct?,Is the “type of concept match” field correct?,Is the “corresponding national definition” field correct and comprehensive?
refusal to execute european arrest warrant,execution of a European arrest warrant is refused,explicit,Semantic exact match,"[""The execution of a European arrest warrant is refused in the following cases :""]",The concept is directly mentioned in the national legislation with the same meaning.,Yes,Yes,Yes
mandatory refusal to execute european arrest warrant,execution of a European arrest warrant is refused,explicit,Semantic partial match,"[""The execution of a European arrest warrant is refused in the following cases :""]","The national concept doesn't explicitly mention ""mandatory"", but the phrasing implies it's obligatory.",Yes,No,Yes
age constraint,requested person was aged under thirteen,explicit,Semantic partial match,"[""3° If the requested person was aged under thirteen at the time of the offences for which the European arrest warrant was issued;""]","The national legislation specifies a precise age (13), while the European concept is more general.",Yes,No,Yes
ne bis in idem,definitively judged for the same facts,explicit,Semantic exact match,"[""2° If the requested person has been definitively judged by the French judicial authorities or by the judicial authorities of a Member State other than the issuing State for the same facts as those which are the subject of the European arrest warrant, on condition that, in the case of a conviction, the sentence has been executed or is in the process of being executed or can no longer be enforced under the laws of the convicting State;""]",The principle of ne bis in idem is fully represented in the national legislation.,Yes,Yes,Yes
amnesty,public prosecution is extinguished by amnesty,explicit,Semantic exact match,"[""1° If the offences for which the European Arrest Warrant was issued could have been prosecuted and judged by the French courts and the public prosecution is extinguished by amnesty;""]",The concept of amnesty is directly mentioned and its effect on prosecution is specified.,Yes,Yes,Yes
passing or making a detention order,no,implicit,Not applicable,[],The concept of passing or making a detention order is not explicitly mentioned in the given national legislative segments.,Yes,Yes,Yes