european concept,corresponding national concept,nature of concept,type of concept match,corresponding national definition,notes,Is the “nature of concept” field correct?,Is the “type of concept match” field correct?,Is the “corresponding national definition” field correct and comprehensive?
formal record before the executing judicial authority,formally recorded in a written record,explicit,Semantic partial match,"[""The consent to surrender given before the issuing judicial authority by the arrested person, the contents of the information communicated on the speciality rule and the statement of the arrested person shall be formally recorded in a written record, signed by the requested person and his/her legal counsellor or lawyer.""]","The national concept mentions a formal written record, but it's before the issuing authority rather than the executing authority.",Yes,Yes,Yes
refusal to surrender,No corresponding concept,implicit,Not applicable,[],The concept of refusal to surrender is not explicitly mentioned in the provided national segments.,Yes,No,Yes
measures to ensure consent or renunciation,ensure that the consent was given voluntarily and in full awareness,explicit,Semantic partial match,"[""The judge shall ensure that the consent referred to in the preceding paragraph was given voluntarily and in full awareness of the consequences.""]","The national concept focuses on ensuring voluntary consent, but doesn't explicitly mention renunciation.",Yes,Yes,Yes
"right to consent to surrender and renunciation to the ""speciality rule""",consent to surrender and information communicated on the speciality rule,explicit,Semantic exact match,"[""The consent to surrender given before the issuing judicial authority by the arrested person, the contents of the information communicated on the speciality rule and the statement of the arrested person shall be formally recorded in a written record, signed by the requested person and his/her legal counsellor or lawyer.""]","The national concept covers both consent to surrender and the speciality rule, matching the European concept closely.",Yes,No,Yes
"possible revocation of the right to consent to surrender and renunciation to the ""speciality rule""",consent to surrender may not be revoked,explicit,Semantic partial match,"[""The consent to surrender to the issuing judicial authority given by the arrested person may not be revoked and it has the consequence of waiving the execution procedure of the European arrest warrant.""]","The national concept explicitly states that consent cannot be revoked, which is the opposite of the European concept allowing for possible revocation.",Yes,Yes,Yes
right to be assisted by a legal counsel,right to be assisted by a legal counsellor,explicit,Semantic exact match,"[""The arrested person shall have a right to be assisted by a legal counsellor and to be informed about the right to appoint a lawyer in the issuing Member State, to assist the appointed counsellor or the lawyer appointed in national territory."", ""The assistance of the defendant is mandatory: \n a) During interrogations of an accused person who is detained or imprisoned;\n b) During interrogations conducted by a judicial authority;\n c) During the instructional debate and at the hearing;\n d) During any procedural act, except for the constitution of an accused, if the accused is blind, deaf, mute, illiterate, ignorant of the Portuguese language, under 21 years of age, or if the question of their unimputability or reduced imputability arises;\n e) During ordinary or extraordinary appeals;\n f) In cases referred to in Articles 271 and 294;\n g) During hearings held in the absence of the accused;\n h) In other cases determined by law.""]","The national concept closely matches the European concept, providing detailed instances where legal assistance is mandatory.",Yes,Yes,Yes