european concept,corresponding national concept,nature of concept,type of concept match,corresponding national definition,notes,Is the “nature of concept” field correct?,Is the “type of concept match” field correct?,Is the “corresponding national definition” field correct and comprehensive?
the description of the circumstances in which the offence was committed,"the date, place and circumstances in which the offence was committed",explicit,Semantic partial match,"[""- the date, place and circumstances in which the offence was committed, as well as the degree of participation in the offence by the person required;""]",The national concept includes additional elements such as date and degree of participation,Yes,No,Yes
the address of the issuing judicial authority,full contact details of the judicial authority issuing the warrant,explicit,Semantic partial match,"[""- the exact designation and full contact details of the judicial authority issuing the warrant;""]","The national concept is broader, encompassing all contact details",No,Yes,Yes
the telephone number of the issuing judicial authority,full contact details of the judicial authority issuing the warrant,implicit,Semantic partial match,"[""- the exact designation and full contact details of the judicial authority issuing the warrant;""]","The telephone number is implicitly included in ""full contact details""",Yes,Yes,Yes
the prescribed scale of penalties for the offence under the law of the issuing member state in the absence of a final judgment,the prescribed scale of penalities for the offence under the law of the issuing Member State,explicit,Semantic exact match,"[""- the penalty imposed, if there is a final judgment, or the prescribed scale of penalities for the offence under the law of the issuing Member State and, if possible, other consequences of the offence.""]",The national concept matches exactly with the European concept,Yes,Yes,Yes
the identity of the requested person,the identity and nationality of the requested person,explicit,Semantic partial match,"[""- the identity and nationality of the requested person ;""]",The national concept includes nationality in addition to identity,Yes,No,Yes
translation of a european arrest warrant,The European arrest warrant sent to the competent authority of another Member State must be translated,explicit,Semantic exact match,"[""The European arrest warrant sent to the competent authority of another Member State must be translated into the official language or one of the official languages of the executing Member State or into one of the official languages of the institutions of the European Union accepted by that State.""]",The national concept matches the European concept and provides additional details on language requirements,Yes,Yes,Yes
the e-mail address of the issuing judicial authority,full contact details of the judicial authority issuing the warrant,implicit,Semantic partial match,"[""- the exact designation and full contact details of the judicial authority issuing the warrant;""]","The e-mail address is implicitly included in ""full contact details""",Yes,Yes,Yes
the legal classification of the offence particularly in respect of article 2,"the nature and legal classification of the offence, particularly with regard to article 694-32",explicit,Semantic exact match,"[""- the nature and legal classification of the offence, particularly with regard to article 694-32 ;""]","The national concept matches exactly with the European concept, with a reference to the corresponding national article",Yes,Yes,Yes
other possible consequences of the offence,other consequences of the offence,explicit,Semantic exact match,"[""- the penalty imposed, if there is a final judgment, or the prescribed scale of penalities for the offence under the law of the issuing Member State and, if possible, other consequences of the offence.""]",The national concept matches exactly with the European concept,Yes,Yes,Yes
the nationality of the requested person,the identity and nationality of the requested person,explicit,Semantic exact match,"[""- the identity and nationality of the requested person ;""]",The national concept includes nationality along with identity,Yes,Yes,Yes
the name of the issuing judicial authority,the exact designation and full contact details of the judicial authority issuing the warrant,explicit,Semantic partial match,"[""- the exact designation and full contact details of the judicial authority issuing the warrant;""]","The national concept is broader, including the name (designation) and additional contact details",Yes,No,Yes
enforceable judicial decision coming within the scope of articles 1 and 2,"enforceable judgment, an arrest warrant or any other enforceable judicial decision having the same effect under the law of the issuing Member State and falling within the scope of Articles 695-12 and 694-32",explicit,Semantic partial match,"[""- the existence of an enforceable judgment, an arrest warrant or any other enforceable judicial decision having the same effect under the law of the issuing Member State and falling within the scope of Articles 695-12 and 694-32 ;""]",The national concept is more detailed and refers to corresponding national articles,Yes,No,Yes
information of the european arrest warrant,The European arrest warrant shall contain the following information,explicit,Semantic exact match,"[""The European arrest warrant shall contain the following information:""]",The national concept matches exactly with the European concept,Yes,Yes,Yes
the fax number of the issuing judicial authority,full contact details of the judicial authority issuing the warrant,implicit,Semantic partial match,"[""- the exact designation and full contact details of the judicial authority issuing the warrant;""]","The fax number is implicitly included in ""full contact details""",Yes,Yes,Yes
the penalty imposed in the case of a final judgment,"the penalty imposed, if there is a final judgment",explicit,Semantic exact match,"[""- the penalty imposed, if there is a final judgment, or the prescribed scale of penalities for the offence under the law of the issuing Member State and, if possible, other consequences of the offence.""]",The national concept matches exactly with the European concept,Yes,Yes,Yes
the nature of the offence particularly in respect of article 2,"the nature and legal classification of the offence, particularly with regard to article 694-32",explicit,Semantic exact match,"[""- the nature and legal classification of the offence, particularly with regard to article 694-32 ;""]","The national concept matches exactly with the European concept, with a reference to the corresponding national article",Yes,Yes,Yes