european concept,corresponding national concept,nature of concept,type of concept match,corresponding national definition,notes,Is the “nature of concept” field correct?,Is the “type of concept match” field correct?,Is the “corresponding national definition” field correct and comprehensive?
period of detention,period of pre-trial detention,explicit,Semantic partial match,"[""1. The period of pre-trial detention suffered abroad in the execution of the European Arrest Warrant shall be counted pursuant to and for the purposes of Articles 303(4), 304 and 657 of the Code of Criminal Procedure.""]","The national concept specifically mentions ""pre-trial"" detention, which is a subset of the broader European concept.",Yes,No,Yes
deduction of period of detention,calculation of the period of precautionary detention,explicit,Semantic partial match,"[""1. The Public Prosecutor, in setting the custodial penalty to be enforced, shall calculate the period of precautionary detention served for the same or a different offence, even if the detention is still ongoing.""]","The national concept uses ""calculation"" instead of ""deduction"" and ""precautionary detention"" instead of just ""detention"", but the meaning is similar.",Yes,No,Yes
central authority,Public Prosecutor,implicit,Semantic partial match,"[""1. The Public Prosecutor, in setting the custodial penalty to be enforced, shall calculate the period of precautionary detention served for the same or a different offence, even if the detention is still ongoing."", ""5. The Public Prosecutor shall decide on the aforementioned issue by means of decree, which must be served on the convicted person and his/her lawyer""]","The Public Prosecutor appears to be acting as the central authority in matters related to detention calculation, though not explicitly stated as such.",No,Yes,Yes
transmission of the information concerning the duration of the detention,transmit to the issuing judicial authority the information necessary to allow the deduction of the period of custody,explicit,Semantic exact match,"[""6. Upon surrender, the Court of Appeal shall transmit to the issuing judicial authority the information necessary to allow the deduction of the period of custody previously suffered in execution of the European arrest warrant from the total duration of detention resulting from the conviction or for the determination of the maximum duration of pre-trial detention""]","The national concept closely matches the European concept, specifying the purpose of the transmission.",Yes,Yes,Yes
information concerning the duration of the detention,information necessary to allow the deduction of the period of custody,explicit,Semantic exact match,"[""6. Upon surrender, the Court of Appeal shall transmit to the issuing judicial authority the information necessary to allow the deduction of the period of custody previously suffered in execution of the European arrest warrant from the total duration of detention resulting from the conviction or for the determination of the maximum duration of pre-trial detention""]","The national concept closely matches the European concept, specifying the nature of the information.",Yes,Yes,Yes