european concept,corresponding national concept,nature of concept,type of concept match,corresponding national definition,notes,Is the “nature of concept” field correct?,Is the “type of concept match” field correct?,Is the “corresponding national definition” field correct and comprehensive?
property acquired through the offence,property which the person pursued or a party to the offence obtained as a result of the offence,explicit,Semantic exact match,"[""property which the person pursued or a party to the offence obtained as a result of the offence on account of which the extradition was authorised or obtained for that offence or as consideration for such property.""]","The national concept directly corresponds to the European concept, covering property obtained as a result of the offence.",Yes,Yes,Yes
rights acquired in the property,rights of third parties,explicit,Semantic partial match,"[""The surrender of property is only permissible if it is guaranteed that the rights of third parties remain unaffected""]","The national concept refers to third-party rights, which is a partial match to the broader European concept of ""rights acquired in the property"".",Yes,No,Yes
death or escape,no,implicit,Not applicable,[],The national legislation does not explicitly or implicitly mention concepts related to death or escape.,Yes,Yes,Yes
seizing and handing over property,surrender of property,explicit,Semantic exact match,"[""The following may be surrendered, in the context of extradition, to the requesting state without the need for a special request:"", ""Subject to the conditions of subsections (1) and (2), property may also be surrendered if an authorised extradition cannot be effected for factual reasons.""]","The national concept of ""surrender of property"" directly corresponds to the European concept of ""seizing and handing over property"".",Yes,Yes,Yes
property liable to seizure or confiscation,property which may be seized or secured,explicit,Semantic exact match,"[""Property in regard to which surrender to a foreign state is being considered as a possibility may be seized or secured by other means even before receipt of a request for extradition.""]","The national concept directly corresponds to the European concept, covering property that can be seized or secured.",Yes,Yes,Yes
return of property,property surrendered is returned without delay,explicit,Semantic exact match,"[""The surrender of property is only permissible if it is guaranteed that the rights of third parties remain unaffected and on condition that, upon request, property surrendered is returned without delay.""]","The national concept directly corresponds to the European concept, mentioning the return of surrendered property.",Yes,Yes,Yes
property as evidence,property which may serve as evidence,explicit,Semantic exact match,"[""property which may serve as evidence in the foreign proceedings""]","The national concept directly corresponds to the European concept, referring to property that can serve as evidence.",Yes,Yes,Yes