european concept,corresponding national concept,nature of concept,type of concept match,corresponding national definition,notes,Is the “nature of concept” field correct?,Is the “type of concept match” field correct?,Is the “corresponding national definition” field correct and comprehensive?
property acquired through the offence,property acquired as a result of the offence,explicit,Semantic exact match,"[""Has been acquired by the requested person as a result of the offence.""]","The national legislation uses ""as a result of"" instead of ""through"", but the meaning is identical.",Yes,Yes,Yes
rights acquired in the property,rights acquired over the property,explicit,Semantic exact match,"[""The rights acquired by the Portuguese State or third parties over the property referred to in paragraph 1 shall be preserved.""]","The national legislation uses ""over"" instead of ""in"", but the meaning is identical.",Yes,Yes,Yes
death or escape,death or escape,explicit,Semantic exact match,"[""The property referred to in the preceding paragraph shall be handed over to the issuing judicial authority even if the European arrest warrant cannot be carried out owing to the death or escape of the requested person.""]",The concept is directly mentioned in the national legislation.,Yes,Yes,Yes
seizing and handing over property,seizure and handing over of property,explicit,Semantic exact match,"[""At the request of the issuing judicial authority or on the initiative of the competent authorities, the competent court for the execution of the European arrest warrant shall order the seizure and handing over to the issuing judicial authority of property which:""]",The concept is directly mentioned in the national legislation with a slight grammatical variation.,Yes,Yes,Yes
property liable to seizure or confiscation,property liable to seizure or confiscation,explicit,Semantic exact match,"[""Where the property referred to in paragraph 1 is liable to seizure or confiscation, it may, if it is needed in connection with pending criminal proceedings in Portugal, be temporarily retained or handed over to the issuing Member State, on condition that it is returned.""]",The concept is directly mentioned in the national legislation.,Yes,Yes,Yes
return of property,return the property,explicit,Semantic exact match,"[""In the situation mentioned in the preceding paragraph, the issuing Member State shall return the property that was seized and handed over without charge to the executing Member State as soon as the criminal proceedings have been terminated.""]",The concept is directly mentioned in the national legislation with a slight grammatical variation.,Yes,Yes,Yes
property as evidence,property required as evidence,explicit,Semantic exact match,"[""May be required as evidence;""]","The national legislation uses ""required as"" instead of ""as"", but the meaning is identical.",Yes,Yes,Yes