european concept,corresponding national concept,nature of concept,type of concept match,corresponding national definition,notes,Is the “nature of concept” field correct?,Is the “type of concept match” field correct?,Is the “corresponding national definition” field correct and comprehensive?
fundamental rights ex article 6 tue,basic principles as set out in Article 6 of the Treaty on European Union,explicit,Semantic exact match,"[""In the case of requests pursuant to Part 8, 9, 10 and 13, the rendering of assistance is not permissible if executing the request would go against basic principles as set out in Article 6 of the Treaty on European Union.""]","The national legislation directly references Article 6 of the Treaty on European Union, which covers fundamental rights.",Yes,Yes,Yes
fundamental legal principles ex article 6 tue,core principles of the German legal system,explicit,Semantic partial match,"[""The rendering of mutual assistance and the transmission of data without a request is not permissible if it would contradict core principles of the German legal system.""]","While not directly referencing Article 6 TEU, the national legislation mentions core principles of the German legal system, which likely encompasses fundamental legal principles.",Yes,Yes,Yes
european arrest warrant,no,implicit,Not applicable,[],"The European Arrest Warrant is not explicitly mentioned in the given national legislative segment, but it may be implicitly covered under ""requests pursuant to Part 8, 9, 10 and 13"".",Yes,Yes,Yes
arrest and surrender of a requested person,no,implicit,Not applicable,[],"The arrest and surrender process is not explicitly mentioned, but may be implicitly covered under ""rendering of mutual assistance"".",Yes,Yes,Yes
the principle of mutual recognition,mutual assistance,explicit,Semantic partial match,"[""The rendering of mutual assistance and the transmission of data without a request is not permissible if it would contradict core principles of the German legal system.""]","While not using the exact phrase ""principle of mutual recognition"", the national legislation refers to ""mutual assistance"", which is a key aspect of mutual recognition in EU law.",Yes,Yes,Yes