european concept,corresponding national concept,nature of concept,type of concept match,corresponding national definition,notes,Is the “nature of concept” field correct?,Is the “type of concept match” field correct?,Is the “corresponding national definition” field correct and comprehensive?
the description of the circumstances in which the offence was committed,"the circumstances of the commission of the criminal offence, including the time and place of commission",explicit,Semantic exact match,"[""Section 83f Transit \n (1) Transit from one Member State through the area of application of this Act to another Member State is permissible if the transmitted documentation contains the following information:\n [...] 4. the circumstances of the commission of the criminal offence, including the time and place of commission.""]","The national concept directly corresponds to the European concept, providing even more specific details (time and place).",Yes,Yes,Yes
notification of decision on transit,no,implicit,Not applicable,,"The concept is not explicitly mentioned in the provided national segments, but the context of Section 83f implies a process for transit decisions.",Yes,Yes,Yes
the identity of the requested person,the identity of the person pursued,explicit,Semantic exact match,"[""Section 83f Transit \n (1) Transit from one Member State through the area of application of this Act to another Member State is permissible if the transmitted documentation contains the following information:\n 1. the identity of the person pursued as specified in the Annex to the European Arrest Warrant Framework Decision and that person's nationality,""]","The national concept directly corresponds to the European concept, using ""pursued"" instead of ""requested"".",Yes,Yes,Yes
information for the transfer,no,implicit,Not applicable,,"While not explicitly mentioned, the requirements listed in Section 83f(1) imply information necessary for transfer.",Yes,Yes,Yes
the legal classification of the offence particularly in respect of article 2,the nature and legal assessment of the criminal offence,explicit,Semantic partial match,"[""Section 83f Transit \n (1) Transit from one Member State through the area of application of this Act to another Member State is permissible if the transmitted documentation contains the following information:\n [...] 3. the nature and legal assessment of the criminal offence and""]",The national concept covers the legal classification but doesn't specifically mention Article 2.,Yes,No,Yes
authority for the transit,no,implicit,Not applicable,,"While not explicitly mentioned, the context of Section 83f implies an authority responsible for transit decisions.",Yes,Yes,Yes
means capable of producing a written record,no,implicit,Not applicable,,This concept is not explicitly mentioned in the provided national segments.,Yes,Yes,Yes
the existence of the european arrest warrant,the fact that a European Arrest Warrant or a document as designated in section 10 has been received,explicit,Semantic exact match,"[""Section 83f Transit \n (1) Transit from one Member State through the area of application of this Act to another Member State is permissible if the transmitted documentation contains the following information:\n [...] 2. the fact that a European Arrest Warrant or a document as designated in section 10 has been received,""]","The national concept directly corresponds to the European concept, with additional reference to section 10.",Yes,Yes,Yes
designation of an authority for transit request,no,implicit,Not applicable,,"While not explicitly mentioned, the context of Section 83f implies an authority designated for handling transit requests.",Yes,Yes,Yes
transit request,Transit,explicit,Semantic partial match,"[""Section 83f Transit \n (1) Transit from one Member State through the area of application of this Act to another Member State is permissible if the transmitted documentation contains the following information:""]","The national legislation addresses transit but doesn't explicitly mention ""request"".",Yes,Yes,Yes
right to be heard by the executing judicial authority,no,implicit,Not applicable,,This concept is not explicitly mentioned in the provided national segments.,Yes,Yes,Yes
the nationality of the requested person,that person's nationality,explicit,Semantic exact match,"[""Section 83f Transit \n (1) Transit from one Member State through the area of application of this Act to another Member State is permissible if the transmitted documentation contains the following information:\n 1. the identity of the person pursued as specified in the Annex to the European Arrest Warrant Framework Decision and that person's nationality,""]",The national concept directly corresponds to the European concept.,Yes,Yes,Yes
transit in the member states,Transit from one Member State through the area of application of this Act to another Member State,explicit,Semantic exact match,"[""Section 83f Transit \n (1) Transit from one Member State through the area of application of this Act to another Member State is permissible if the transmitted documentation contains the following information:""]","The national concept directly corresponds to the European concept, specifying the transit through the area of application of the Act.",Yes,Yes,Yes
information on unscheduled transport by air,transport by air in the course of which an unscheduled stopover is made,explicit,Semantic exact match,"[""Section 83g Transport by air \n Section 83f also applies to transport by air in the course of which an unscheduled stopover is made within the area of application this Act.""]","The national concept directly corresponds to the European concept, using ""unscheduled stopover"" instead of ""unscheduled transport"".",Yes,Yes,Yes
the nature of the offence particularly in respect of article 2,the nature and legal assessment of the criminal offence,explicit,Semantic partial match,"[""Section 83f Transit \n (1) Transit from one Member State through the area of application of this Act to another Member State is permissible if the transmitted documentation contains the following information:\n [...] 3. the nature and legal assessment of the criminal offence and""]",The national concept covers the nature of the offence but doesn't specifically mention Article 2.,Yes,Yes,Yes
the case of the requested person being a national or resident of the member state of transit,the transit of German nationals,explicit,Semantic partial match,"[""Section 83f Transit \n (3) The transit of German nationals for the purpose of prosecution is only permissible if the Member State to which they are to be extradited gives an assurance that they are to be returned at Germany's request, after imposition of a final sentence of imprisonment or other sanction, for enforcement within the area of application of this Act. The transit of German nationals for the purpose of prosecution is only permissible if the person concerned consents thereto.""]",The national concept addresses the case of nationals but doesn't mention residents. It also provides specific conditions for the transit of German nationals.,Yes,Yes,Yes