european concept,corresponding national concept,nature of concept,type of concept match,corresponding national definition,notes,Is the “nature of concept” field correct?,Is the “type of concept match” field correct?,Is the “corresponding national definition” field correct and comprehensive?
seriousness and place of the offences,"seriousness of the offences, place where the offences were committed",explicit,Semantic exact match,"[""1. When two or more Member States have issued a European arrest warrant against the same person, the Court of Appeal shall decide which arrest warrant shall be executed, taking into account all relevant factors of assessment and, in particular, the seriousness of the offences for which the warrants were issued, the place where the offences were committed and the dates on which the arrest warrants were issued and considering, in this context, whether the warrants were issued in the course of criminal proceedings or for the execution of a penalty or security measure that involves a deprivation of liberty.""]",The national legislation explicitly mentions both the seriousness and place of offences as factors to consider.,Yes,Yes,Yes
multiple requests of european arrest warrant,two or more Member States have issued a European arrest warrant against the same person,explicit,Semantic exact match,"[""1. When two or more Member States have issued a European arrest warrant against the same person, the Court of Appeal shall decide which arrest warrant shall be executed, taking into account all relevant factors of assessment and, in particular, the seriousness of the offences for which the warrants were issued, the place where the offences were committed and the dates on which the arrest warrants were issued and considering, in this context, whether the warrants were issued in the course of criminal proceedings or for the execution of a penalty or security measure that involves a deprivation of liberty.""]",The national legislation explicitly addresses the scenario of multiple European arrest warrants issued for the same person.,Yes,Yes,Yes
decision in case of multiple requests,Court of Appeal shall decide which arrest warrant shall be executed,explicit,Semantic exact match,"[""1. When two or more Member States have issued a European arrest warrant against the same person, the Court of Appeal shall decide which arrest warrant shall be executed, taking into account all relevant factors of assessment and, in particular, the seriousness of the offences for which the warrants were issued, the place where the offences were committed and the dates on which the arrest warrants were issued and considering, in this context, whether the warrants were issued in the course of criminal proceedings or for the execution of a penalty or security measure that involves a deprivation of liberty.""]",The national legislation explicitly states that the Court of Appeal shall decide in cases of multiple requests.,Yes,Yes,Yes
advice of eurojust,request an advice from Eurojust,explicit,Semantic exact match,"[""2. For the purposes of the decision referred to in paragraph 1, the Court of Appeal\n may order any necessary investigation and request an advice from Eurojust.""]",The national legislation explicitly mentions the possibility of requesting advice from Eurojust.,Yes,Yes,Yes
the respective dates of the european arrest warrants,dates on which the arrest warrants were issued,explicit,Semantic exact match,"[""1. When two or more Member States have issued a European arrest warrant against the same person, the Court of Appeal shall decide which arrest warrant shall be executed, taking into account all relevant factors of assessment and, in particular, the seriousness of the offences for which the warrants were issued, the place where the offences were committed and the dates on which the arrest warrants were issued and considering, in this context, whether the warrants were issued in the course of criminal proceedings or for the execution of a penalty or security measure that involves a deprivation of liberty.""]",The national legislation explicitly mentions considering the dates of the arrest warrants.,Yes,Yes,Yes
statute of the international criminal court,no,implicit,Not applicable,,The concept is not explicitly or implicitly mentioned in the provided national legislative segments.,Yes,Yes,Yes
purpose of prosecution of a custodial sentence or detention order,warrants were issued in the course of criminal proceedings or for the execution of a penalty or security measure that involves a deprivation of liberty,explicit,Semantic partial match,"[""1. When two or more Member States have issued a European arrest warrant against the same person, the Court of Appeal shall decide which arrest warrant shall be executed, taking into account all relevant factors of assessment and, in particular, the seriousness of the offences for which the warrants were issued, the place where the offences were committed and the dates on which the arrest warrants were issued and considering, in this context, whether the warrants were issued in the course of criminal proceedings or for the execution of a penalty or security measure that involves a deprivation of liberty.""]","The national legislation mentions both criminal proceedings and execution of penalty or security measure involving deprivation of liberty, which partially matches the European concept. However, it doesn't explicitly use the term ""custodial sentence"" or ""detention order"".",Yes,Yes,No