european concept,corresponding national concept,nature of concept,type of concept match,corresponding national definition,notes,Is the “nature of concept” field correct?,Is the “type of concept match” field correct?,Is the “corresponding national definition” field correct and comprehensive?
non-application of the speciality rule,non-application of the speciality rule,explicit,Semantic exact match,"[""The condition set out in subparagraph 1 concerning surrender to other Member State shall not apply:"", ""The prohibition referred to in paragraph 1 shall not apply to requests for surrender pursuant to a European arrest warrant when one of the conditions set out in Article 26(2)(a), (e) and (f) is met.""]","The national legislation explicitly mentions conditions under which the speciality rule does not apply, matching the European concept.",Yes,Yes,Yes
time limit from request,decision within 30 days of receipt,explicit,Semantic partial match,"[""On the request for consent, complete with the elements referred to in Article 6, the Court of Appeal shall decide, after hearing the Attorney General, within 30 days of receipt.""]","The national legislation specifies a 30-day time limit for decision-making, which partially matches the European concept of a time limit from request.",Yes,Yes,Yes
surrender after the decision to a third member state,surrender to another Member State,explicit,Semantic exact match,"[""A person who has been surrendered pursuant to a European arrest warrant may not be surrendered to another Member State pursuant to a European arrest warrant or extradited to a third State for an offence committed prior to his or her surrender without the consent of the executing Member State.""]",The national legislation explicitly addresses the concept of surrender to another Member State after the initial surrender.,Yes,No,Yes
prohibition to extradite to a third state without judicial authority's consent,prohibition of extradition to a third State without consent,explicit,Semantic exact match,"[""The surrender of the person is subject to the condition that the person is not surrendered to another Member State pursuant to a European arrest warrant issued for an offence committed prior to the surrender that person without the consent of the court of appeal which ordered the execution of the arrest warrant nor extradited to a third State without consent to subsequent extradition granted pursuant to of the international conventions in force for the State and Article 711 of the Code of Criminal Procedure.""]","The national legislation explicitly prohibits extradition to a third state without consent, matching the European concept.",Yes,Yes,Yes
consent to surrender or subsequent extradition to a third member state,consent to surrender to another Member State,explicit,Semantic partial match,"[""Where requested by the competent judicial authority of the issuing Member State, the Court of Appeal shall give its consent to the surrender of the person to another Member State when the offence for which consent is sought gives rise to surrender pursuant to this Act.""]","The national legislation addresses consent for surrender to another Member State, partially matching the European concept as it doesn't explicitly mention subsequent extradition.",Yes,No,Yes
offence subject to surrender,offence giving rise to surrender,explicit,Semantic exact match,"[""Where requested by the competent judicial authority of the issuing Member State, the Court of Appeal shall give its consent to the surrender of the person to another Member State when the offence for which consent is sought gives rise to surrender pursuant to this Act.""]","The national legislation explicitly mentions offences giving rise to surrender, matching the European concept.",Yes,Yes,Yes
grounds for refusal to consent,no,implicit,Not applicable,[],The national legislation does not explicitly mention grounds for refusal to consent. This concept is only implicitly present in the overall context of the surrender conditions.,Yes,Yes,Yes
,,,,,,,,
,,,,,,,,
Article 28 Italian National Transposition,,,,,,,,