european concept,corresponding national concept,nature of concept,type of concept match,corresponding national definition,notes,Is the “nature of concept” field correct?,Is the “type of concept match” field correct?,Is the “corresponding national definition” field correct and comprehensive?
the description of the circumstances in which the offence was committed,"description of the circumstances of the offence, including the date and place",explicit,Semantic exact match,"[""Transit through or over the national territory shall be granted for the purposes of surrender of a requested person in order to execute a custodial sentence or detention order, provided that person is not a national citizen or a person residing in national territory, when the following information has been given: \n d) The description of the circumstances of the offence, including the date and place.""]","The national concept fully captures the European concept, adding specific details about date and place.",Yes,Yes,Yes
notification of decision on transit,decision on the transit request shall be notified,explicit,Semantic exact match,"[""The decision on the transit request shall be notified by the same procedure.""]",The national concept directly corresponds to the European concept.,Yes,Yes,Yes
the identity of the requested person,identity and nationality of the person subject to the European arrest warrant,explicit,Semantic partial match,"[""Transit through or over the national territory shall be granted for the purposes of surrender of a requested person in order to execute a custodial sentence or detention order, provided that person is not a national citizen or a person residing in national territory, when the following information has been given: \n a) The identity and nationality of the person subject to the European arrest warrant;""]",The national concept includes nationality in addition to identity.,Yes,No,Yes
information for the transfer,no,implicit,Not applicable,[],"The concept is not explicitly mentioned in the national legislation, but it may be implied in the overall context of the transit provisions.",Yes,Yes,Yes
the legal classification of the offence particularly in respect of article 2,legal qualification of the offence,explicit,Semantic partial match,"[""Transit through or over the national territory shall be granted for the purposes of surrender of a requested person in order to execute a custodial sentence or detention order, provided that person is not a national citizen or a person residing in national territory, when the following information has been given: \n c) The nature and legal qualification of the offence;""]","The national concept mentions ""legal qualification"" but does not specifically reference Article 2.",Yes,No,Yes
authority for the transit,central authority,explicit,Semantic partial match,"[""The transit request may be addressed to the central authority by any means capable of producing a written record.""]","The national legislation specifies a ""central authority"" for transit requests, which likely corresponds to the European concept.",Yes,No,Yes
means capable of producing a written record,means capable of producing a written record,explicit,Semantic exact match,"[""The transit request may be addressed to the central authority by any means capable of producing a written record.""]",The national concept is identical to the European concept.,Yes,Yes,Yes
the existence of the european arrest warrant,existence of a European arrest warrant,explicit,Semantic exact match,"[""Transit through or over the national territory shall be granted for the purposes of surrender of a requested person in order to execute a custodial sentence or detention order, provided that person is not a national citizen or a person residing in national territory, when the following information has been given: \n b) The existence of a European arrest warrant;""]",The national concept directly corresponds to the European concept.,Yes,Yes,Yes
designation of an authority for transit request,central authority,explicit,Semantic partial match,"[""The transit request may be addressed to the central authority by any means capable of producing a written record.""]","The national legislation designates a ""central authority"" for transit requests, which corresponds to the European concept.",Yes,No,Yes
transit request,transit request,explicit,Semantic exact match,"[""The transit request may be addressed to the central authority by any means capable of producing a written record."", ""The decision on the transit request shall be notified by the same procedure.""]",The national concept is identical to the European concept and appears in multiple contexts.,Yes,Yes,Yes
right to be heard by the executing judicial authority,"person, after being heard",explicit,Semantic partial match,"[""Where a person who is the subject of a European arrest warrant for the purposes of prosecution is Portuguese or resides in national territory, transit may be subject to the condition that the person, after being heard, is returned to serve the custodial sentence or detention order passed against him/her in the issuing Member State.""]","The national concept implies a right to be heard, but does not specify the executing judicial authority.",Yes,No,Yes
the nationality of the requested person,nationality of the person subject to the European arrest warrant,explicit,Semantic exact match,"[""Transit through or over the national territory shall be granted for the purposes of surrender of a requested person in order to execute a custodial sentence or detention order, provided that person is not a national citizen or a person residing in national territory, when the following information has been given: \n a) The identity and nationality of the person subject to the European arrest warrant;""]",The national concept directly corresponds to the European concept.,Yes,Yes,Yes
transit in the member states,transit through or over the national territory,explicit,Semantic partial match,"[""Transit through or over the national territory shall be granted for the purposes of surrender of a requested person in order to execute a custodial sentence or detention order, provided that person is not a national citizen or a person residing in national territory, when the following information has been given:""]",The national concept refers to transit through the specific country rather than member states in general.,Yes,No,Yes
information on unscheduled transport by air,unscheduled landing,explicit,Semantic partial match,"[""If an unscheduled landing occurs, the issuing Member State shall transmit the information provided for in paragraph 1.""]","The national concept mentions unscheduled landings, which is related to unscheduled transport by air.",Yes,No,Yes
the nature of the offence particularly in respect of article 2,nature and legal qualification of the offence,explicit,Semantic partial match,"[""Transit through or over the national territory shall be granted for the purposes of surrender of a requested person in order to execute a custodial sentence or detention order, provided that person is not a national citizen or a person residing in national territory, when the following information has been given: \n c) The nature and legal qualification of the offence;""]","The national concept includes ""nature"" of the offence but does not specifically reference Article 2.",Yes,No,Yes
the case of the requested person being a national or resident of the member state of transit,person is Portuguese or resides in national territory,explicit,Semantic exact match,"[""Where a person who is the subject of a European arrest warrant for the purposes of prosecution is Portuguese or resides in national territory, transit may be subject to the condition that the person, after being heard, is returned to serve the custodial sentence or detention order passed against him/her in the issuing Member State.""]","The national concept directly corresponds to the European concept, specifying Portuguese nationality or residence.",Yes,Yes,Yes