european concept,corresponding national concept,nature of concept,type of concept match,corresponding national definition,notes,Is the “nature of concept” field correct?,Is the “type of concept match” field correct?,Is the “corresponding national definition” field correct and comprehensive?
formal record before the executing judicial authority,certificate stating consent to surrender,explicit,Semantic partial match,"[""Should the arrested person consent to surrender, a certificate stating that particular shall be issued and signed by the arrested person, his legal counsel and, if appropriate, the interpreter, as well as the Public Prosecutor and the Judge.""]","The national concept focuses specifically on consent to surrender, while the European concept is broader. The national legislation provides a more detailed description of the formal record.",Yes,No,Yes
refusal to surrender,no,implicit,Not applicable,[],The concept of refusal to surrender is not explicitly mentioned in the provided national segments.,Yes,Yes,Yes
measures to ensure consent or renunciation,verification of consent and renunciation,explicit,Semantic exact match,"[""In any event, the Central Judge of Criminal Investigation shall verify whether consent to surrender by the arrested person has been freely provided and with full knowledge of the consequences, especially its irrevocable nature. He shall proceed likewise regarding the renunciation to resort to the speciality rule.""]",The national legislation explicitly mentions measures to ensure that consent and renunciation are given freely and with full knowledge of the consequences.,Yes,Yes,Yes
"right to consent to surrender and renunciation to the ""speciality rule""",consent to surrender and renunciation to the speciality rule,explicit,Semantic exact match,"[""Should the arrested person consent to surrender, a certificate stating that particular shall be issued and signed by the arrested person, his legal counsel and, if appropriate, the interpreter, as well as the Public Prosecutor and the Judge. The certificate shall record the renunciation to resort to the speciality rule, if this concurs."", ""Firstly, the arrested person shall be heard regarding granting irrevocable consent to surrender.""]",The national legislation explicitly mentions both the right to consent to surrender and the renunciation to the speciality rule.,Yes,Yes,Yes
"possible revocation of the right to consent to surrender and renunciation to the ""speciality rule""",irrevocable nature of consent to surrender,explicit,Semantic partial match,"[""In any event, the Central Judge of Criminal Investigation shall verify whether consent to surrender by the arrested person has been freely provided and with full knowledge of the consequences, especially its irrevocable nature.""]","The national legislation emphasizes the irrevocable nature of the consent, which implies that revocation is not possible. This is a partial match as it addresses the concept of revocation, but in a different way than the European concept.",Yes,Yes,Yes
right to be assisted by a legal counsel,assistance by legal counsel,explicit,Semantic exact match,"[""Should the arrested person consent to surrender, a certificate stating that particular shall be issued and signed by the arrested person, his legal counsel and, if appropriate, the interpreter, as well as the Public Prosecutor and the Judge.""]",The national legislation explicitly mentions the presence of legal counsel in the process of consenting to surrender.,Yes,Yes,Yes