european concept,corresponding national concept,nature of concept,type of concept match,corresponding national definition,notes,Is the “nature of concept” field correct?,Is the “type of concept match” field correct?,Is the “corresponding national definition” field correct and comprehensive?
period of detention,length of detention,explicit,Semantic exact match,"[""At the time of the surrender, the public prosecutor shall specify the length of detention on national territory as a result of the execution of a European arrest warrant.""]","The national legislation uses ""length of detention"" which is semantically equivalent to ""period of detention"".",Yes,Yes,Yes
deduction of period of detention,no,implicit,Not applicable,,"While the national segment mentions specifying the length of detention, it does not explicitly state its deduction.",Yes,Yes,Yes
central authority,public prosecutor,explicit,Semantic partial match,"[""At the time of the surrender, the public prosecutor shall specify the length of detention on national territory as a result of the execution of a European arrest warrant.""]","The public prosecutor appears to be acting as the central authority in this context, but it's a partial match as it may not encompass all roles of a central authority.",Yes,No,Yes
transmission of the information concerning the duration of the detention,specify the length of detention,explicit,Semantic partial match,"[""At the time of the surrender, the public prosecutor shall specify the length of detention on national territory as a result of the execution of a European arrest warrant.""]","The national legislation mentions specifying the length of detention, which implies transmission of this information, but doesn't explicitly mention transmission.",Yes,No,Yes
information concerning the duration of the detention,length of detention,explicit,Semantic exact match,"[""At the time of the surrender, the public prosecutor shall specify the length of detention on national territory as a result of the execution of a European arrest warrant.""]","The ""length of detention"" in the national legislation directly corresponds to ""information concerning the duration of the detention"".",Yes,Yes,Yes