european concept,corresponding national concept,nature of concept,type of concept match,corresponding national definition,notes,Is the “nature of concept” field correct?,Is the “type of concept match” field correct?,Is the “corresponding national definition” field correct and comprehensive?
right to be released,release of person pursued,Explicit,Semantic partial match,"[""Section 83d Release of person pursued \n If the person pursued has not been transferred within 10 days following expiry of the date arranged for the surrender in accordance with section 83c (4), then that person is to be released from arrest pending extradition if no new date for the surrender has been arranged.""]","The national concept focuses on the specific circumstance of release, while the European concept is more general.",Yes,No,Yes
general rule for surrender,date arranged for the surrender,Implicit,Semantic partial match,"[""Section 83c Procedure and time limits \n (4) Once extradition has been authorised, a date on which the person pursued is to be surrendered is to be arranged with the requesting Member State. The date arranged for the surrender should be no later than 10 days after the decision to authorise extradition.""]","The national concept implies a general rule for surrender by specifying a timeframe, but doesn't explicitly state it as a general rule.",Yes,No,Yes
serious humanitarian reason,compelling humanitarian grounds,Explicit,Semantic exact match,"[""Art. 83c Procedure and time limits \n (4) [...] The arranging of a date for the surrender may be postponed on account of ongoing criminal proceedings or enforcement of a criminal sanction against the person pursued within the area of application of this Act or on compelling humanitarian grounds.""]","The concepts are semantically equivalent, with ""serious"" and ""compelling"" being synonymous in this context.",Yes,Yes,Yes
expiration of the time limits,expiry of the date arranged for the surrender,Explicit,Semantic partial match,"[""Section 83d Release of person pursued \n If the person pursued has not been transferred within 10 days following expiry of the date arranged for the surrender in accordance with section 83c (4), then that person is to be released from arrest pending extradition if no new date for the surrender has been arranged.""]","The national concept specifies a particular time limit (the arranged surrender date), while the European concept is more general.",Yes,Yes,Yes
exceptional circumstance,circumstances which are beyond the control of the involved states,Explicit,Semantic partial match,"[""Art. 83c Procedure and time limits \n (4) [...] If it is impossible to keep the date owing to circumstances which are beyond the control of the involved states, a new date is to be arranged so that the surrender can be made within the next 10 days. [...]""]",The national concept provides a more specific definition of what constitutes an exceptional circumstance.,Yes,No,Yes
time limit for the surrender after the decision,date arranged for the surrender should be no later than 10 days after the decision to authorise extradition,Explicit,Semantic exact match,"[""Section 83c Procedure and time limits \n (4) Once extradition has been authorised, a date on which the person pursued is to be surrendered is to be arranged with the requesting Member State. The date arranged for the surrender should be no later than 10 days after the decision to authorise extradition.""]","The national concept directly corresponds to the European concept, providing a specific time limit of 10 days.",Yes,No,Yes