european concept,corresponding national concept,nature of concept,type of concept match,corresponding national definition,notes,Is the “nature of concept” field correct?,Is the “type of concept match” field correct?,Is the “corresponding national definition” field correct and comprehensive?
illicit trade in human organs and tissue,illicit trade in human organs and tissue,explicit,Semantic exact match,"[""Illicit trade in human organs and tissue""]",The concept is directly mentioned in the national legislation list of offences.,Yes,Yes,Yes
arson,arson,explicit,Semantic exact match,"[""Arson""]",The concept is directly mentioned in the national legislation list of offences.,Yes,Yes,Yes
trafficking in human beings,trafficking in human beings,explicit,Semantic exact match,"[""Trafficking in human beings""]",The concept is directly mentioned in the national legislation list of offences.,Yes,Yes,Yes
trafficking in stolen vehicles,trafficking in stolen vehicles,explicit,Semantic exact match,"[""Trafficking in stolen vehicles""]",The concept is directly mentioned in the national legislation list of offences.,Yes,Yes,Yes
rape,rape,explicit,Semantic exact match,"[""Rape""]",The concept is directly mentioned in the national legislation list of offences.,Yes,Yes,Yes
corruption,corruption,explicit,Semantic exact match,"[""Corruption""]",The concept is directly mentioned in the national legislation list of offences.,Yes,Yes,Yes
murder and grievous bodily injury,"murder, grievous bodily injury",explicit,Semantic exact match,"[""Murder, grievous bodily injury""]",The concept is directly mentioned in the national legislation list of offences.,Yes,Yes,Yes
counterfeiting and piracy of products,counterfeiting and piracy of products,explicit,Semantic exact match,"[""Counterfeiting and piracy of products""]",The concept is directly mentioned in the national legislation list of offences.,Yes,Yes,Yes
facilitation of unauthorised entry and residence,facilitation of unauthorised entry and residence,explicit,Semantic exact match,"[""Facilitation of unauthorised entry and residence""]",The concept is directly mentioned in the national legislation list of offences.,Yes,Yes,Yes
act punishable by the law of the issuing member state,offence punishable in the issuing State,explicit,Semantic partial match,"[""When a European arrest and surrender warrant has been issued for an offence that belongs to one of the categories of offences listed in Section 1 of Article 20 and that offence is punishable in the issuing State with a custodial sentence or measure of deprivation of liberty, or with a measure of internment under closed regime for a minor, the maximum duration of which is at least three years, surrender of the requested person shall be ordered without control of double criminality of the acts.""]",The concept is present but with slightly different wording.,Yes,No,Yes
"environmental crime, including illicit trafficking in endangered animal species and in endangered plant species and varieties","environmental crime, including illicit trafficking in endangered animal species and in endangered plant species and varieties",explicit,Semantic exact match,"[""Environmental crime, including illicit trafficking in endangered animal species and in endangered plant species and varieties""]",The concept is directly mentioned in the national legislation list of offences.,Yes,Yes,Yes
offence giving rise to surrender pursuant to an european arrest warrant,acts giving rise to surrender,explicit,Semantic partial match,"[""Article 47. Acts giving rise to surrender.""]",The concept is present but with slightly different wording.,Yes,No,Yes
sentence of at least four months,penalty or measure of not less than four months of deprivation of liberty,explicit,Semantic partial match,"[""or when the object of the claim is the serving of a sentence to a penalty or measure of not less than four months of deprivation of liberty""]",The concept is present but with additional specificity in the national legislation.,Yes,No,Yes
terrorism,terrorism,explicit,Semantic exact match,"[""Terrorism""]",The concept is directly mentioned in the national legislation list of offences.,Yes,Yes,Yes
illicit trafficking in narcotic drugs and psychotropic substances,illicit trafficking in narcotic drugs and psychotropic substances,explicit,Semantic exact match,"[""Illicit trafficking in narcotic drugs and psychotropic substances""]",The concept is directly mentioned in the national legislation list of offences.,Yes,Yes,Yes
computer-related crime,no,implicit,Not applicable,[],This concept is not explicitly mentioned in the provided national legislation segments.,Yes,Yes,Yes
"counterfeiting currency, including of the euro",counterfeiting of currency,explicit,Semantic partial match,"[""Counterfeiting of currency""]",The concept is present but without specific mention of the euro.,Yes,No,Yes
racism and xenophobia,racism and xenophobia,explicit,Semantic exact match,"[""Racism and xenophobia""]",The concept is directly mentioned in the national legislation list of offences.,Yes,Yes,Yes
"fraud, including that affecting the financial interests of the european communities within the meaning of the convention of 26 july 1995 on the protection of the european communities' financial interests",fraud including that affecting the financial interests of the European Communities,explicit,Semantic partial match,"[""Fraud including that affecting the financial interests of the European Communities""]",The concept is present but without the specific reference to the 1995 convention.,Yes,No,Yes
crimes within the jurisdiction of the international criminal court,crimes within the jurisdiction of the International Criminal Court,explicit,Semantic exact match,"[""Crimes within the jurisdiction of the International Criminal Court""]",The concept is directly mentioned in the national legislation list of offences.,Yes,Yes,Yes
forgery of means of payment,forgery of means of payment,explicit,Semantic exact match,"[""Forgery of means of payment""]",The concept is directly mentioned in the national legislation list of offences.,Yes,Yes,Yes
"kidnapping, illegal restraint and hostage-taking","kidnapping, illegal restraint and hostage-taking",explicit,Semantic exact match,"[""Kidnapping, illegal restraint and hostage-taking""]",The concept is directly mentioned in the national legislation list of offences.,Yes,Yes,Yes
custodial sentence for a maximum period of at least 12 months,custodial sentence or measure of deprivation of liberty with a maximum duration of at least twelve months,explicit,Semantic partial match,"[""as long as these are punished in the issuing State with a custodial sentence or measure of deprivation of liberty, or with a measure of internment under closed regime of a minor with a maximum duration of at least twelve months""]",The concept is present but with additional specificity in the national legislation.,Yes,No,Yes
organised or armed robbery,organised or armed robbery,explicit,Semantic exact match,"[""Organised or armed robbery""]",The concept is directly mentioned in the national legislation list of offences.,Yes,Yes,Yes
illicit trafficking in nuclear or radioactive materials,illicit trafficking in nuclear or radioactive materials,explicit,Semantic exact match,"[""Illicit trafficking in nuclear or radioactive materials""]",The concept is directly mentioned in the national legislation list of offences.,Yes,Yes,Yes
european arrest warrant,European arrest and surrender warrant,explicit,Semantic partial match,"[""When a European arrest and surrender warrant has been issued""]",The concept is present but with slightly different wording.,Yes,No,Yes
racketeering and extortion,racketeering and extortion,explicit,Semantic exact match,"[""Racketeering and extortion""]",The concept is directly mentioned in the national legislation list of offences.,Yes,Yes,Yes
laundering of the proceeds of crime,laundering of the proceeds of crime,explicit,Semantic exact match,"[""Laundering of the proceeds of crime""]",The concept is directly mentioned in the national legislation list of offences.,Yes,Yes,Yes
sexual exploitation of children and child pornography,sexual exploitation of children and child pornography,explicit,Semantic exact match,"[""Sexual exploitation of children and child pornography""]",The concept is directly mentioned in the national legislation list of offences.,Yes,Yes,Yes
forgery of administrative documents and trafficking therein,forgery of administrative documents and trafficking therein,explicit,Semantic exact match,"[""Forgery of administrative documents and trafficking therein""]",The concept is directly mentioned in the national legislation list of offences.,Yes,Yes,Yes
"illicit trafficking in cultural goods, including antiques and works of art","illicit trafficking in cultural goods, including antiques and works of art",explicit,Semantic exact match,"[""Illicit trafficking in cultural goods, including antiques and works of art""]",The concept is directly mentioned in the national legislation list of offences.,Yes,Yes,Yes
detention order for a maximum period of at least 12 months,measure of deprivation of liberty with a maximum duration of at least twelve months,explicit,Semantic partial match,"[""as long as these are punished in the issuing State with a custodial sentence or measure of deprivation of liberty, or with a measure of internment under closed regime of a minor with a maximum duration of at least twelve months""]",The concept is present but with additional specificity in the national legislation.,Yes,No,Yes
sabotage,sabotage,explicit,Semantic exact match,"[""Sabotage.""]",The concept is directly mentioned in the national legislation list of offences.,Yes,Yes,Yes
illicit trafficking in hormonal substances and other growth promoters,illicit trafficking in hormonal substances and other growth promoters,explicit,Semantic exact match,"[""Illicit trafficking in hormonal substances and other growth promoters""]",The concept is directly mentioned in the national legislation list of offences.,Yes,Yes,Yes
"illicit trafficking in weapons, munitions and explosives","illicit trafficking in weapons, munitions and explosives",explicit,Semantic exact match,"[""Illicit trafficking in weapons, munitions and explosives""]",The concept is directly mentioned in the national legislation list of offences.,Yes,Yes,Yes
swindling,swindling,explicit,Semantic exact match,"[""Swindling""]",The concept is directly mentioned in the national legislation list of offences.,Yes,Yes,Yes
unlawful seizure of aircraft or ships,unlawful seizure of aircraft/ships,explicit,Semantic exact match,"[""Unlawful seizure of aircraft/ships""]",The concept is directly mentioned in the national legislation list of offences.,Yes,Yes,Yes