european concept,corresponding national concept,nature of concept,type of concept match,corresponding national definition,notes,Is the “nature of concept” field correct?,Is the “type of concept match” field correct?,Is the “corresponding national definition” field correct and comprehensive?
right to be released,detention of the requested person ceases,explicit,Semantic partial match,"[""The detention of the requested person ceases also when the time limits referred to in paragraphs (2)(3) and (5) of the previous Article have elapsed.""]","The national concept implies the right to be released by stating when detention ceases, but doesn't explicitly mention it as a right.",No,No,Yes
general rule for surrender,surrender as soon as possible,explicit,Semantic partial match,"[""The requested person shall be surrendered as soon as possible, on a date agreed between the court and the issuing judicial authority.""]",The national concept captures the essence of the general rule but uses different wording.,Yes,No,Yes
serious humanitarian reason,serious humanitarian reasons,explicit,Semantic exact match,"[""The surrender may be temporarily postponed for serious humanitarian reasons, for example if there are substantial grounds for believing that it would manifestly endanger the requested person's life or health.""]",The national concept uses the exact same wording and provides an example for clarity.,Yes,Yes,Yes
expiration of the time limits,time limits have elapsed,explicit,Semantic exact match,"[""The detention of the requested person ceases also when the time limits referred to in paragraphs (2)(3) and (5) of the previous Article have elapsed.""]",The national concept uses slightly different wording but conveys the same meaning.,Yes,Yes,Yes
exceptional circumstance,circumstances beyond the control of any of the Member States,explicit,Semantic partial match,"[""If the surrender of the requested person within the period laid down in the preceding paragraph is prevented by circumstances beyond the control of any of the Member States, the court and the issuing judicial authority shall immediately establish the necessary contacts to agree on a new surrender date.""]","The national concept specifies a type of exceptional circumstance, focusing on those beyond Member States' control.",Yes,No,Yes
time limit for the surrender after the decision,surrender shall take place no later than 10 days after the final decision,explicit,Semantic exact match,"[""The surrender shall take place no later than 10 days after the final decision on the execution of the European arrest warrant.""]",The national concept precisely defines the time limit mentioned in the European concept.,Yes,Yes,Yes