european concept,corresponding national concept,nature of concept,type of concept match,corresponding national definition,notes,Is the “nature of concept” field correct?,Is the “type of concept match” field correct?,Is the “corresponding national definition” field correct and comprehensive?
decision to execute the european arrest warrant to conduct criminal proceedings,no,implicit,Not applicable,[],The national legislation does not explicitly mention the decision to execute the European Arrest Warrant for criminal proceedings.,Yes,Yes,Yes
european arrest warrant to conduct criminal proceedings,no,implicit,Not applicable,[],The national legislation does not explicitly mention the European Arrest Warrant for criminal proceedings.,Yes,Yes,Yes
temporary transfer,no,implicit,Not applicable,[],The concept of temporary transfer is not present in the given national legislative segment.,No,Yes,Yes
right to return to the executing member state to attend hearings,no,implicit,Not applicable,[],The right to return to the executing member state is not mentioned in the national legislation provided.,Yes,Yes,Yes
hearing of the requested person in pending decision,hearing of person pursued,explicit,Semantic partial match,"[""Section 83e Hearing of person pursued \n (1) As long as no decision has been given on extradition, a request by the requesting Member State for the person pursued to be heard as an accused is to be authorised.""]","The national legislation refers to ""hearing of person pursued"" while a decision on extradition is pending, which partially matches the European concept.",Yes,Yes,Yes
right to be heard by the executing judicial authority,no,implicit,Not applicable,[],The right to be heard by the executing judicial authority is not explicitly mentioned in the national legislation provided.,Yes,Yes,Yes