european concept,corresponding national concept,nature of concept,type of concept match,corresponding national definition,notes,Is the “nature of concept” field correct?,Is the “type of concept match” field correct?,Is the “corresponding national definition” field correct and comprehensive?
fundamental rights ex article 6 tue,fundamental rights enshrined by Article 6 of the Treaty on European Union,explicit,Semantic exact match,"[""1.The execution of the European arrest warrant may not, under any circumstances, entail a violation either of [...] the fundamental rights and fundamental legal principles enshrined by Article 6 of the Treaty on European Union [...]""]",The concept is explicitly mentioned in the national legislation with the same wording and reference to Article 6 of the Treaty on European Union.,Yes,Yes,Yes
fundamental legal principles ex article 6 tue,fundamental legal principles enshrined by Article 6 of the Treaty on European Union,explicit,Semantic exact match,"[""1.The execution of the European arrest warrant may not, under any circumstances, entail a violation either of [...] the fundamental rights and fundamental legal principles enshrined by Article 6 of the Treaty on European Union [...]""]",The concept is explicitly mentioned in the national legislation with the same wording and reference to Article 6 of the Treaty on European Union.,Yes,Yes,Yes
european arrest warrant,European arrest warrant,explicit,Semantic exact match,"[""1.The execution of the European arrest warrant may not, under any circumstances, entail a violation either of [...]""]",The concept is explicitly mentioned in the national legislation with the exact same wording.,Yes,Yes,Yes
arrest and surrender of a requested person,execution of the European arrest warrant,implicit,Semantic partial match,"[""1.The execution of the European arrest warrant may not, under any circumstances, entail a violation either of [...]""]","The national legislation refers to the ""execution"" of the European arrest warrant, which implicitly includes the arrest and surrender of the requested person. However, it doesn't explicitly mention arrest and surrender.",Yes,Yes,Yes
the principle of mutual recognition,no,implicit,Not applicable,N/A,"The principle of mutual recognition is not explicitly mentioned in the provided national legislative segment. It might be implied in the context of executing the European arrest warrant, but it's not directly stated.",Yes,Yes,Yes