{
    "art_1__par_1": [
        "european arrest warrant",
        "arrest and surrender of a requested person"
    ],
    "art_2__par_1": [
        "european arrest warrant",
        "act punishable by the law of the issuing member state",
        "custodial sentence for a maximum period of at least 12 months",
        "detention order for a maximum period of at least 12 months",
        "sentence of at least four months"
    ],
    "art_1__par_3": [
        "fundamental rights ex article 6 tue",
        "fundamental legal principles ex article 6 tue"
    ],
    "art_3__par_3": [
        "passing or making a detention order",
        "age constraint"
    ],
    "art_2__par_2": [
        "offence giving rise to surrender pursuant to an european arrest warrant",
        "terrorism",
        "trafficking in human beings",
        "sexual exploitation of children and child pornography",
        "illicit trafficking in narcotic drugs and psychotropic substances",
        "illicit trafficking in weapons, munitions and explosives",
        "corruption",
        "fraud, including that affecting the financial interests of the european communities within the meaning of the convention of 26 july 1995 on the protection of the european communities' financial interests",
        "laundering of the proceeds of crime",
        "counterfeiting currency, including of the euro",
        "computer-related crime",
        "environmental crime, including illicit trafficking in endangered animal species and in endangered plant species and varieties",
        "facilitation of unauthorised entry and residence",
        "murder and grievous bodily injury",
        "illicit trade in human organs and tissue",
        "kidnapping, illegal restraint and hostage-taking",
        "racism and xenophobia",
        "organised or armed robbery",
        "illicit trafficking in cultural goods, including antiques and works of art",
        "swindling",
        "racketeering and extortion",
        "counterfeiting and piracy of products",
        "forgery of administrative documents and trafficking therein",
        "forgery of means of payment",
        "illicit trafficking in hormonal substances and other growth promoters",
        "illicit trafficking in nuclear or radioactive materials",
        "trafficking in stolen vehicles",
        "rape",
        "arson",
        "crimes within the jurisdiction of the international criminal court",
        "unlawful seizure of aircraft or ships",
        "sabotage"
    ],
    "art_4__par_3": [
        "participation in a criminal organisation",
        "decision not to prosecute in the executing member state",
        "final judgment in a member state",
        "decision to halt proceedings in the executing member state"
    ],
    "art_2__par_4": [
        "other offences"
    ],
    "art_3": [
        "refusal to execute european arrest warrant",
        "mandatory refusal to execute european arrest warrant"
    ],
    "art_4": [
        "possible refusal to execute european arrest warrant"
    ],
    "art_3__par_1": [
        "amnesty"
    ],
    "art_3__par_2": [
        "ne bis in idem"
    ],
    "art_4__par_1": [
        "no offence under the law of the executing member state"
    ],
    "art_4__par_2": [
        "ongoing prosecution in the executing member state"
    ],
    "art_4__par_4": [
        "statute-barred criminal prosecution or punishment"
    ],
    "art_4__par_5": [
        "final judgment in a third member state in respect of the same acts"
    ],
    "art_4__par_6": [
        "“domestic execution” of custody or detention of a national or resident in the executing member state"
    ],
    "art_4__par_7__let_a": [
        "offence committed in the executing member state territory"
    ],
    "art_4__par_7__let_b": [
        "offence committed outside the territory of the issuing ms and absence of such provision under executing domestic law"
    ],
    "art_4a__par_1": [
        "absence of the person at the trial"
    ],
    "art_4a__par_1__let_a": [
        "due time information"
    ],
    "art_4a__par_1__let_b": [
        "mandate to a legal counsellor"
    ],
    "art_4a__par_1__let_c": [
        "waiver of contestation or appeal following the notification of the decision",
        "delayed appeal following the notification of the decision"
    ],
    "art_4a__par_1__let_d": [
        "notification of the time frame for the right to appeal",
        "ex-post and delayed notification of the decision"
    ],
    "art_4a__par_2": [
        "request a copy of the judgment",
        "provision of the copy of the judgment via the executing authority"
    ],
    "art_4a__par_3": [
        "request to review the decision of detention"
    ],
    "art_5": [
        "execution of the european arrest warrant"
    ],
    "art_5__par_2": [
        "the case of life-time detention"
    ],
    "art_5__par_3": [
        "the case of nationals or residents of the executing member state"
    ],
    "art_6__par_1": [
        "issuing judicial authority"
    ],
    "art_6__par_2": [
        "executing judicial authority"
    ],
    "art_7__par_1": [
        "eu member state"
    ],
    "art_8": [
        "information of the european arrest warrant"
    ],
    "art_8__par_1": [
        "the identity of the requested person",
        "the nationality of the requested person",
        "the name of the issuing judicial authority",
        "the address of the issuing judicial authority",
        "the telephone number of the issuing judicial authority",
        "the fax number of the issuing judicial authority",
        "the e-mail address of the issuing judicial authority",
        "enforceable judicial decision coming within the scope of articles 1 and 2",
        "the nature of the offence particularly in respect of article 2",
        "the legal classification of the offence particularly in respect of article 2",
        "the description of the circumstances in which the offence was committed",
        "the penalty imposed in the case of a final judgment",
        "the prescribed scale of penalties for the offence under the law of the issuing member state in the absence of a final judgment",
        "other possible consequences of the offence"
    ],
    "art_25__par_1__let_a": [
        "the identity of the requested person",
        "the nationality of the requested person"
    ],
    "art_25__par_1__let_c": [
        "the nature of the offence particularly in respect of article 2",
        "the legal classification of the offence particularly in respect of article 2"
    ],
    "art_25__par_1__let_d": [
        "the description of the circumstances in which the offence was committed"
    ],
    "art_8__par_2": [
        "translation of a european arrest warrant"
    ],
    "art_9__par_1": [
        "transmission of a european arrest warrant"
    ],
    "art_9__par_2": [
        "alert for the requested person in the schengen information system (sis)"
    ],
    "art_9__par_3": [
        "alert for the requested person in the schengen information system (sis)"
    ],
    "art_10__par_1": [
        "detailed procedure for transmitting a european arrest warrant",
        "inquiry for competent authority"
    ],
    "art_10__par_6": [
        "detailed procedure for transmitting a european arrest warrant"
    ],
    "art_10__par_2": [
        "transmission method",
        "secure telecommunications system of the european judicial network"
    ],
    "art_10__par_5": [
        "transmission method"
    ],
    "art_10__par_3": [
        "call on interpol to transmit a european arrest warrant"
    ],
    "art_10__par_4": [
        "secure means capable of producing written records under conditions allowing the executing member state to establish its authenticity"
    ],
    "art_11": [
        "right of the requested and arrested person"
    ],
    "art_11__par_1": [
        "right to be informed about the european arrest warrant"
    ],
    "art_11__par_2": [
        "right to be assisted by a legal counsel",
        "right to be assisted by an interpreter"
    ],
    "art_13__par_2": [
        "right to be assisted by a legal counsel",
        "measures to ensure consent or renunciation"
    ],
    "art_14__par_1": [
        "right to be heard by the executing judicial authority"
    ],
    "art_18__par_1__let_a": [
        "right to be heard by the executing judicial authority",
        "hearing of the requested person in pending decision"
    ],
    "art_19__par_1": [
        "right to be heard by the executing judicial authority"
    ],
    "art_19__par_2": [
        "right to be heard by the executing judicial authority"
    ],
    "art_25__par_1": [
        "right to be heard by the executing judicial authority",
        "information for the transfer",
        "the case of the requested person being a national or resident of the member state of transit"
    ],
    "art_23__par_5": [
        "right to be released",
        "expiration of the time limits"
    ],
    "art_18__par_3": [
        "right to return to the executing member state to attend hearings",
        "temporary transfer"
    ],
    "art_13": [
        "right to consent to surrender and renunciation to the “speciality rule”",
        "refusal to surrender"
    ],
    "art_12": [
        "decision to release"
    ],
    "art_13__par_1": [
        "formal record before the executing judicial authority"
    ],
    "art_13__par_3": [
        "formal record before the executing judicial authority"
    ],
    "art_13__par_4": [
        "possible revocation of the right to consent to surrender and renunciation to the “speciality rule”"
    ],
    "art_15__par_1": [
        "decision on surrender"
    ],
    "art_15__par_2": [
        "request for additional information"
    ],
    "art_15__par_3": [
        "request for additional information"
    ],
    "art_16": [
        "multiple requests of european arrest warrant"
    ],
    "art_16__par_1": [
        "decision in case of multiple requests",
        "seriousness and place of the offences",
        "the respective dates of the european arrest warrants",
        "purpose of prosecution of a custodial sentence or detention order"
    ],
    "art_16__par_3": [
        "decision in case of multiple requests"
    ],
    "art_16__par_2": [
        "advice of eurojust"
    ],
    "art_1__par_2": [
        "the principle of mutual recognition"
    ],
    "art_16__par_4": [
        "statute of the international criminal court"
    ],
    "art_15": [
        "decision to execute the european arrest warrant",
        "surrender after the decision"
    ],
    "art_17": [
        "decision to execute the european arrest warrant",
        "time limit for the decision to execute the european arrest warrant"
    ],
    "art_17__par_1": [
        "general rule for execution"
    ],
    "art_17__par_2": [
        "the case of consent to surrender"
    ],
    "art_17__par_3": [
        "other cases"
    ],
    "art_17__par_4": [
        "specific cases"
    ],
    "art_17__par_5": [
        "procedure for the decision to execute the european arrest warrant"
    ],
    "art_17__par_6": [
        "procedure for the decision to execute the european arrest warrant"
    ],
    "art_17__par_7": [
        "procedure for the decision to execute the european arrest warrant"
    ],
    "art_18": [
        "european arrest warrant to conduct criminal proceedings"
    ],
    "art_18__par_1": [
        "decision to execute the european arrest warrant to conduct criminal proceedings"
    ],
    "art_19": [
        "hearing of the requested person in pending decision"
    ],
    "art_18__par_1__let_b": [
        "temporary transfer"
    ],
    "art_18__par_2": [
        "temporary transfer"
    ],
    "art_20__par_1": [
        "privilege or immunity",
        "material conditions for effective surrender after privilege or immunity"
    ],
    "art_21": [
        "extradition"
    ],
    "art_22": [
        "immediate notification of the decision"
    ],
    "art_23": [
        "time limit for the surrender after the decision"
    ],
    "art_23__par_1": [
        "general rule for surrender"
    ],
    "art_23__par_2": [
        "general rule for surrender"
    ],
    "art_23__par_3": [
        "exceptional circumstance"
    ],
    "art_23__par_4": [
        "serious humanitarian reason"
    ],
    "art_24": [
        "postponed or conditional surrender"
    ],
    "art_25": [
        "transit in the member states",
        "transit request"
    ],
    "art_25__par_3": [
        "means capable of producing a written record",
        "notification of decision on transit"
    ],
    "art_25__par_1__let_b": [
        "the existence of the european arrest warrant"
    ],
    "art_26": [
        "period of detention"
    ],
    "art_25__par_2": [
        "authority for the transit",
        "designation of an authority for transit request"
    ],
    "art_26__par_2": [
        "information concerning the duration of the detention",
        "transmission of the information concerning the duration of the detention",
        "central authority"
    ],
    "art_26__par_3": [
        "transmission of the information concerning the duration of the detention",
        "central authority"
    ],
    "art_26__par_4": [
        "transmission of the information concerning the duration of the detention",
        "central authority"
    ],
    "art_27__par_2": [
        "prohibition of prosecution for other offences"
    ],
    "art_27__par_1": [
        "mutual notification"
    ],
    "art_27__par_3__let_a": [
        "refusal to leave the member state",
        "return to the member state"
    ],
    "art_27__par_3__let_b": [
        "non-punishability by a custodial sentence or detention order"
    ],
    "art_27__par_3__let_c": [
        "no restriction of personal liberty"
    ],
    "art_27__par_3__let_d": [
        "mere possibility of non-restriction of personal liberty"
    ],
    "art_27__par_3__let_e": [
        "personal consent to surrender"
    ],
    "art_27__par_3__let_f": [
        "explicit renounce to entitlement to the speciality rule"
    ],
    "art_27__par_3__let_g": [
        "consent of executing judicial authority"
    ],
    "art_27__par_3__let_h": [
        "request for consent"
    ],
    "art_28__par_1": [
        "surrender after the decision to a third member state"
    ],
    "art_28__par_2": [
        "consent to surrender or subsequent extradition to a third member state"
    ],
    "art_28__par_2__let_c": [
        "non-application of the speciality rule"
    ],
    "art_28__par_2__let_b": [
        "offence subject to surrender"
    ],
    "art_28__par_3__let_c": [
        "time limit from request"
    ],
    "art_28__par_3__let_d": [
        "grounds for refusal to consent"
    ],
    "art_28__par_4": [
        "prohibition to extradite to a third state without judicial authority’s consent"
    ],
    "art_29__par_1": [
        "seizing and handing over property"
    ],
    "art_29__par_1__let_a": [
        "property as evidence"
    ],
    "art_29__par_1__let_b": [
        "property acquired through the offence"
    ],
    "art_29__par_2": [
        "death or escape"
    ],
    "art_29__par_3": [
        "property liable to seizure or confiscation"
    ],
    "art_29__par_4": [
        "rights acquired in the property",
        "return of property"
    ],
    "art_30__par_1": [
        "expenses of the executing member state"
    ],
    "art_30__par_2": [
        "expenses of the issuing member state"
    ],
    "art_31__par_2": [
        "multilateral or bilateral agreements"
    ],
    "art_31__par_3": [
        "multilateral or bilateral agreements"
    ],
    "art_31__par_1": [
        "european convention on extradition of 13 december 1957",
        "additional protocol of 15 october 1975 to the european convention on extradition of 13 december 1957",
        "second additional protocol of 17 march 1978 to the european convention on extradition of 13 december 1957",
        "european convention on the suppression of terrorism of 27 january 1977 as far as extradition is concerned",
        "agreement between the 12 member states of the european communities on the simplification and modernisation of methods of transmitting extradition requests of 26 may 1989",
        "convention of 10 march 1995 on simplified extradition procedure between the member states of the european union",
        "convention of 27 september 1996 relating to extradition between the member states of the european union",
        "title iii, chapter 4 of the convention of 19 june 1990 implementing the schengen agreement of 14 june 1985 on the gradual abolition of checks at common borders",
        "other instrument"
    ],
    "art_6__par_3": [
        "eu member state",
        "information to the general secretariat of the council on competent judicial authority"
    ],
    "art_21__par_1": [
        "measures to ensure consent from state in case of extradition"
    ],
    "art_25__par_4": [
        "information on unscheduled transport by air"
    ],
    "art_26__par_1": [
        "deduction of period of detention"
    ]
}