{
    "art_1": [
        "fundamental rights ex article 6 tue",
        "the principle of mutual recognition",
        "arrest and surrender of a requested person",
        "european arrest warrant",
        "fundamental legal principles ex article 6 tue"
    ],
    "art_2": [
        "illicit trafficking in nuclear or radioactive materials",
        "illicit trafficking in narcotic drugs and psychotropic substances",
        "laundering of the proceeds of crime",
        "fraud, including that affecting the financial interests of the european communities within the meaning of the convention of 26 july 1995 on the protection of the european communities' financial interests",
        "unlawful seizure of aircraft or ships",
        "forgery of administrative documents and trafficking therein",
        "sexual exploitation of children and child pornography",
        "counterfeiting currency, including of the euro",
        "arson",
        "trafficking in stolen vehicles",
        "environmental crime, including illicit trafficking in endangered animal species and in endangered plant species and varieties",
        "illicit trafficking in hormonal substances and other growth promoters",
        "rape",
        "sabotage",
        "murder and grievous bodily injury",
        "corruption",
        "forgery of means of payment",
        "terrorism",
        "sentence of at least four months",
        "crimes within the jurisdiction of the international criminal court",
        "kidnapping, illegal restraint and hostage-taking",
        "detention order for a maximum period of at least 12 months",
        "other offences",
        "illicit trafficking in cultural goods, including antiques and works of art",
        "counterfeiting and piracy of products",
        "illicit trade in human organs and tissue",
        "european arrest warrant",
        "custodial sentence for a maximum period of at least 12 months",
        "racism and xenophobia",
        "offence giving rise to surrender pursuant to an european arrest warrant",
        "illicit trafficking in weapons, munitions and explosives",
        "computer-related crime",
        "swindling",
        "act punishable by the law of the issuing member state",
        "racketeering and extortion",
        "facilitation of unauthorised entry and residence",
        "organised or armed robbery",
        "trafficking in human beings"
    ],
    "art_3": [
        "age constraint",
        "amnesty",
        "mandatory refusal to execute european arrest warrant",
        "refusal to execute european arrest warrant",
        "passing or making a detention order",
        "ne bis in idem"
    ],
    "art_4": [
        "statute-barred criminal prosecution or punishment",
        "participation in a criminal organisation",
        "final judgment in a member state",
        "decision to halt proceedings in the executing member state",
        "no offence under the law of the executing member state",
        "offence committed outside the territory of the issuing ms and absence of such provision under executing domestic law",
        "decision not to prosecute in the executing member state",
        "ongoing prosecution in the executing member state",
        "possible refusal to execute european arrest warrant",
        "final judgment in a third member state in respect of the same acts",
        "“domestic execution” of custody or detention of a national or resident in the executing member state",
        "offence committed in the executing member state territory"
    ],
    "art_4a": [
        "notification of the time frame for the right to appeal",
        "ex-post and delayed notification of the decision",
        "request to review the decision of detention",
        "delayed appeal following the notification of the decision",
        "request a copy of the judgment",
        "waiver of contestation or appeal following the notification of the decision",
        "due time information",
        "provision of the copy of the judgment via the executing authority",
        "absence of the person at the trial",
        "mandate to a legal counsellor"
    ],
    "art_5": [
        "the case of life-time detention",
        "the case of nationals or residents of the executing member state",
        "execution of the european arrest warrant"
    ],
    "art_6": [
        "information to the general secretariat of the council on competent judicial authority",
        "executing judicial authority",
        "issuing judicial authority",
        "eu member state"
    ],
    "art_7": [
        "eu member state"
    ],
    "art_8": [
        "the fax number of the issuing judicial authority",
        "information of the european arrest warrant",
        "the penalty imposed in the case of a final judgment",
        "enforceable judicial decision coming within the scope of articles 1 and 2",
        "the prescribed scale of penalties for the offence under the law of the issuing member state in the absence of a final judgment",
        "the legal classification of the offence particularly in respect of article 2",
        "translation of a european arrest warrant",
        "the address of the issuing judicial authority",
        "the nature of the offence particularly in respect of article 2",
        "other possible consequences of the offence",
        "the description of the circumstances in which the offence was committed",
        "the e-mail address of the issuing judicial authority",
        "the name of the issuing judicial authority",
        "the telephone number of the issuing judicial authority",
        "the nationality of the requested person",
        "the identity of the requested person"
    ],
    "art_25": [
        "information for the transfer",
        "the legal classification of the offence particularly in respect of article 2",
        "the case of the requested person being a national or resident of the member state of transit",
        "information on unscheduled transport by air",
        "designation of an authority for transit request",
        "the nature of the offence particularly in respect of article 2",
        "authority for the transit",
        "notification of decision on transit",
        "right to be heard by the executing judicial authority",
        "the existence of the european arrest warrant",
        "the description of the circumstances in which the offence was committed",
        "means capable of producing a written record",
        "the nationality of the requested person",
        "transit request",
        "transit in the member states",
        "the identity of the requested person"
    ],
    "art_9": [
        "transmission of a european arrest warrant",
        "alert for the requested person in the schengen information system (sis)"
    ],
    "art_10": [
        "transmission method",
        "inquiry for competent authority",
        "detailed procedure for transmitting a european arrest warrant",
        "secure means capable of producing written records under conditions allowing the executing member state to establish its authenticity",
        "call on interpol to transmit a european arrest warrant",
        "secure telecommunications system of the european judicial network"
    ],
    "art_11": [
        "right to be assisted by an interpreter",
        "right to be informed about the european arrest warrant",
        "right to be assisted by a legal counsel",
        "right of the requested and arrested person"
    ],
    "art_13": [
        "possible revocation of the right to consent to surrender and renunciation to the “speciality rule”",
        "right to be assisted by a legal counsel",
        "right to consent to surrender and renunciation to the “speciality rule”",
        "measures to ensure consent or renunciation",
        "refusal to surrender",
        "formal record before the executing judicial authority"
    ],
    "art_14": [
        "right to be heard by the executing judicial authority"
    ],
    "art_18": [
        "decision to execute the european arrest warrant to conduct criminal proceedings",
        "temporary transfer",
        "right to return to the executing member state to attend hearings",
        "hearing of the requested person in pending decision",
        "right to be heard by the executing judicial authority",
        "european arrest warrant to conduct criminal proceedings"
    ],
    "art_19": [
        "hearing of the requested person in pending decision",
        "right to be heard by the executing judicial authority"
    ],
    "art_23": [
        "right to be released",
        "time limit for the surrender after the decision",
        "exceptional circumstance",
        "expiration of the time limits",
        "serious humanitarian reason",
        "general rule for surrender"
    ],
    "art_12": [
        "decision to release"
    ],
    "art_15": [
        "decision to execute the european arrest warrant",
        "surrender after the decision",
        "decision on surrender",
        "request for additional information"
    ],
    "art_16": [
        "advice of eurojust",
        "seriousness and place of the offences",
        "statute of the international criminal court",
        "purpose of prosecution of a custodial sentence or detention order",
        "decision in case of multiple requests",
        "multiple requests of european arrest warrant",
        "the respective dates of the european arrest warrants"
    ],
    "art_17": [
        "procedure for the decision to execute the european arrest warrant",
        "general rule for execution",
        "decision to execute the european arrest warrant",
        "time limit for the decision to execute the european arrest warrant",
        "specific cases",
        "the case of consent to surrender",
        "other cases"
    ],
    "art_20": [
        "material conditions for effective surrender after privilege or immunity",
        "privilege or immunity"
    ],
    "art_21": [
        "extradition",
        "measures to ensure consent from state in case of extradition"
    ],
    "art_22": [
        "immediate notification of the decision"
    ],
    "art_24": [
        "postponed or conditional surrender"
    ],
    "art_26": [
        "central authority",
        "deduction of period of detention",
        "information concerning the duration of the detention",
        "period of detention",
        "transmission of the information concerning the duration of the detention"
    ],
    "art_27": [
        "mutual notification",
        "request for consent",
        "no restriction of personal liberty",
        "explicit renounce to entitlement to the speciality rule",
        "prohibition of prosecution for other offences",
        "return to the member state",
        "personal consent to surrender",
        "mere possibility of non-restriction of personal liberty",
        "non-punishability by a custodial sentence or detention order",
        "refusal to leave the member state",
        "consent of executing judicial authority"
    ],
    "art_28": [
        "offence subject to surrender",
        "prohibition to extradite to a third state without judicial authority’s consent",
        "non-application of the speciality rule",
        "surrender after the decision to a third member state",
        "grounds for refusal to consent",
        "consent to surrender or subsequent extradition to a third member state",
        "time limit from request"
    ],
    "art_29": [
        "property as evidence",
        "return of property",
        "seizing and handing over property",
        "rights acquired in the property",
        "property liable to seizure or confiscation",
        "property acquired through the offence",
        "death or escape"
    ],
    "art_30": [
        "expenses of the executing member state",
        "expenses of the issuing member state"
    ],
    "art_31": [
        "additional protocol of 15 october 1975 to the european convention on extradition of 13 december 1957",
        "convention of 10 march 1995 on simplified extradition procedure between the member states of the european union",
        "other instrument",
        "multilateral or bilateral agreements",
        "second additional protocol of 17 march 1978 to the european convention on extradition of 13 december 1957",
        "european convention on extradition of 13 december 1957",
        "agreement between the 12 member states of the european communities on the simplification and modernisation of methods of transmitting extradition requests of 26 may 1989",
        "title iii, chapter 4 of the convention of 19 june 1990 implementing the schengen agreement of 14 june 1985 on the gradual abolition of checks at common borders",
        "convention of 27 september 1996 relating to extradition between the member states of the european union",
        "european convention on the suppression of terrorism of 27 january 1977 as far as extradition is concerned"
    ]
}